,City,Lat,Lng,Max Temp,Humidity,Cloudiness,Wind Speed,Country,Date
0,Karratha,-20.74,116.85,301.02,18,0,8.91,AU,1598060623
1,Punta Arenas,-53.15,-70.92,278.71,80,100,10.3,CL,1598060467
2,Marsabit,2.33,37.99,288.14,97,100,9.37,KE,1598060625
3,Ushuaia,-54.8,-68.3,278.15,80,75,2.1,AR,1598060622
4,Cape Town,-33.93,18.42,280.37,93,0,2.1,ZA,1598060060
5,Ponta do Sol,32.67,-17.1,296.15,83,75,4.1,PT,1598060399
6,Saskylakh,71.92,114.08,281.06,61,13,2.79,RU,1598060627
7,Pevek,69.7,170.31,278.07,86,100,3.34,RU,1598060627
8,Manche,49.0,-1.17,291.48,82,50,5.1,FR,1598060628
9,Rikitea,-23.12,-134.97,291.85,72,92,9.77,PF,1598060628
10,Río Gallegos,-51.62,-69.22,280.15,65,40,1.5,AR,1598060629
11,Kozachi Laheri,46.7,32.98,293.15,82,53,3.66,UA,1598060630
12,Ancud,-41.87,-73.82,280.37,100,90,1.5,CL,1598060630
13,Lubango,-14.92,13.49,286.72,23,62,2.23,AO,1598060469
14,Mayya,61.73,130.28,289.15,41,0,2.0,RU,1598060631
15,Bayanday,53.07,105.51,290.46,66,58,0.82,RU,1598060632
16,Novy Urengoy,66.08,76.63,284.8,80,13,4.8,RU,1598060632
17,Yellowknife,62.46,-114.35,287.15,54,75,6.2,CA,1598060365
18,Port Macquarie,-31.43,152.92,290.37,58,81,1.34,AU,1598060577
19,Tiksi,71.69,128.87,277.74,90,100,4.42,RU,1598060635
20,Srednekolymsk,67.45,153.68,278.97,65,100,6.88,RU,1598060635
21,Severo-Kuril'sk,50.68,156.12,285.14,82,51,7.26,RU,1598060636
22,Chokurdakh,70.63,147.92,277.09,74,100,3.47,RU,1598060435
23,Saint-Pierre,-21.34,55.48,290.15,59,0,4.1,RE,1598060637
24,New Norfolk,-42.78,147.06,281.48,83,30,0.45,AU,1598060637
25,Tuktoyaktuk,69.45,-133.04,287.15,76,20,6.2,CA,1598060638
26,Salalah,17.02,54.09,299.15,94,75,2.1,OM,1598060404
27,Ząbkowice Śląskie,50.59,16.81,294.82,87,0,3.15,PL,1598060639
28,Lagoa,39.05,-27.98,293.84,65,0,1.63,PT,1598060443
29,Maramag,7.82,124.95,298.27,81,97,0.75,PH,1598060640
30,Olafsvik,64.89,-23.71,283.24,64,0,5.51,IS,1598060641
31,Calama,-22.47,-68.93,283.15,21,0,4.1,CL,1598060642
32,Talnakh,69.49,88.4,287.15,76,53,3.0,RU,1598060642
33,Geraldton,-28.77,114.6,288.15,77,90,2.6,AU,1598060643
34,Kavieng,-2.57,150.8,302.18,71,1,3.53,PG,1598060401
35,Flinders,-34.58,150.86,287.59,43,40,4.92,AU,1598060644
36,Departamento de Maldonado,-34.67,-54.92,281.48,62,0,2.6,UY,1598060645
37,Ust-Kuyga,70.02,135.6,276.74,87,98,2.2,RU,1598060646
38,Barrow,71.29,-156.79,285.15,76,1,4.6,US,1598060418
39,Saint-François,46.42,3.91,291.15,93,100,1.0,FR,1598060647
40,Quang Ngai,15.12,108.8,303.04,62,92,0.57,VN,1598060601
41,Maltahöhe,-24.83,16.98,278.48,49,0,3.4,NA,1598060648
42,Mataura,-46.19,168.86,285.93,77,12,3.13,NZ,1598060401
43,Tuatapere,-46.13,167.68,285.93,76,3,2.68,NZ,1598060412
44,Busselton,-33.65,115.33,289.82,56,91,4.48,AU,1598060650
45,São João da Barra,-21.64,-41.05,291.6,84,100,6.74,BR,1598060650
46,Tupanciretã,-29.08,-53.84,276.02,79,0,2.02,BR,1598060651
47,Robertsport,6.75,-11.37,297.93,87,100,5.39,LR,1598060651
48,Kapaa,22.08,-159.32,301.15,69,90,5.1,US,1598060652
49,Norman Wells,65.28,-126.83,292.15,48,75,5.7,CA,1598060652
50,Farmington,36.73,-108.22,309.15,7,1,8.2,US,1598060444
51,Dongsheng,39.82,109.98,291.36,75,93,9.33,CN,1598060654
52,Jamestown,42.1,-79.24,292.59,72,1,0.8,US,1598060494
53,Saint Paul Harbor,57.79,-152.41,294.15,52,1,3.1,US,1598060655
54,Iraquara,-12.25,-41.62,291.9,89,6,2.76,BR,1598060655
55,Krasnosel'kup,65.7,82.47,286.91,75,100,6.38,RU,1598060656
56,Kribi,2.95,9.92,296.94,90,86,3.51,CM,1598060657
57,Santa Lucía,27.91,-15.54,297.04,78,20,11.3,ES,1598060658
58,Esperance,-33.87,121.9,285.15,87,100,5.1,AU,1598060659
59,Bathsheba,13.22,-59.52,302.15,83,75,7.7,BB,1598060661
60,Pringsewu,-5.36,104.97,301.93,65,36,1.2,ID,1598060662
61,Chesma,53.81,60.65,284.35,92,95,4.37,RU,1598060663
62,Avarua,-21.21,-159.78,298.15,78,1,8.7,CK,1598060663
63,Tual,-5.67,132.75,299.53,81,54,7.68,ID,1598060664
64,Atambua,-9.11,124.89,302.85,35,0,1.21,ID,1598060430
65,Legnago,45.18,11.31,297.59,86,0,2.24,IT,1598060665
66,Bambous Virieux,-20.34,57.76,293.15,82,75,3.97,MU,1598060665
67,Minot,48.23,-101.3,302.15,32,1,2.1,US,1598060666
68,Honningsvåg,70.98,25.97,287.03,83,6,6.68,NO,1598060667
69,Bunda,-2.05,33.87,294.86,57,79,3.54,TZ,1598060667
70,Nanortalik,60.14,-45.24,280.69,72,0,0.04,GL,1598060668
71,Alihe,50.57,123.72,293.91,60,100,1.73,CN,1598060609
72,Sokolo,14.73,-6.12,301.0,64,100,3.74,ML,1598060669
73,Kahului,20.89,-156.47,305.15,46,40,9.8,US,1598060448
74,Gwadar,25.12,62.33,300.96,80,26,1.69,PK,1598060670
75,Narsaq,60.92,-46.05,280.83,65,0,1.13,GL,1598060670
76,San-Pédro,4.75,-6.64,297.09,86,100,2.85,CI,1598060671
77,Tezu,27.92,96.17,301.19,67,50,0.96,IN,1598060671
78,Yanam,16.73,82.22,300.11,86,97,3.33,IN,1598060672
79,Bredasdorp,-34.53,20.04,280.15,93,0,2.6,ZA,1598060672
80,Fuerte Olimpo,-21.04,-57.87,284.17,61,97,2.32,PY,1598060673
81,George Town,5.41,100.34,300.15,94,20,2.1,MY,1598060515
82,Marawi,8.0,124.29,300.37,78,100,1.07,PH,1598060674
83,Wonthaggi,-38.6,145.59,283.71,78,58,10.11,AU,1598060600
84,Dagana,16.52,-15.51,301.55,70,0,4.11,MR,1598060676
85,Pierre,44.37,-100.35,303.71,54,1,3.1,US,1598060677
86,Watrous,51.67,-105.47,293.62,66,0,2.74,CA,1598060678
87,Rosetta,31.4,30.42,299.15,69,20,6.2,EG,1598060663
88,Hermanus,-34.42,19.23,279.26,96,0,0.45,ZA,1598060679
89,Cabo San Lucas,22.89,-109.91,302.04,69,20,4.6,MX,1598060679
90,Mwinilunga,-11.74,24.43,293.18,40,98,3.92,ZM,1598060680
91,Qaanaaq,77.48,-69.36,275.49,83,100,0.47,GL,1598060681
92,Pangnirtung,66.15,-65.71,283.33,70,7,1.44,CA,1598060681
93,Barra,-11.09,-43.14,298.78,56,23,4.44,BR,1598060683
94,Kalas,18.17,74.8,296.79,85,100,4.29,IN,1598060684
95,Bethel,41.37,-73.41,296.15,73,1,1.75,US,1598060504
96,Bantry,51.68,-9.45,286.15,93,75,5.7,IE,1598060686
97,Andenes,69.31,16.12,286.15,87,100,5.7,NO,1598060422
98,Malanje,-9.54,16.34,289.31,78,27,1.2,AO,1598060687
99,Port Augusta,-32.5,137.77,287.15,47,75,9.3,AU,1598060687
100,Paamiut,61.99,-49.67,279.77,81,0,1.01,GL,1598060688
101,Vaini,-21.2,-175.2,300.15,83,40,3.1,TO,1598060688
102,Shingū,33.73,135.98,305.15,62,40,2.6,JP,1598060689
103,Constitución,-35.33,-72.42,285.14,79,0,1.58,CL,1598060689
104,Thompson,55.74,-97.86,288.15,67,40,1.0,CA,1598060690
105,Anadyr,64.75,177.48,283.71,100,40,9.0,RU,1598060691
106,Arman',59.7,150.17,285.69,48,97,7.1,RU,1598060691
107,Hithadhoo,-0.6,73.08,301.45,76,23,5.12,MV,1598060692
108,Carnarvon,-24.87,113.63,294.15,52,85,2.1,AU,1598060692
109,Kilindoni,-7.91,39.67,297.6,78,12,6.5,TZ,1598060693
110,Saldanha,-33.01,17.94,283.15,81,0,2.1,ZA,1598060693
111,Barcelos,41.54,-8.62,290.93,93,0,1.5,PT,1598060512
112,Saint-Philippe,-21.36,55.77,290.15,59,82,4.1,RE,1598060694
113,Coyhaique,-45.58,-72.07,281.15,65,100,4.6,CL,1598060648
114,Hasaki,35.73,140.83,305.37,79,75,1.5,JP,1598060442
115,Mount Gambier,-37.83,140.77,282.15,81,75,6.7,AU,1598060696
116,Villa Bruzual,9.33,-69.12,296.64,97,100,1.98,VE,1598060697
117,Launceston,-41.45,147.17,283.71,70,6,7.2,AU,1598060426
118,Bartica,6.4,-58.62,299.15,94,20,2.1,GY,1598060698
119,San Lorenzo,-25.33,-57.53,283.15,39,0,3.1,PY,1598060698
120,Castro,-24.79,-50.01,277.61,95,90,2.15,BR,1598060662
121,Port Blair,11.67,92.75,301.8,77,100,4.2,IN,1598060441
122,Nuuk,64.18,-51.72,278.71,93,44,4.02,GL,1598060700
123,Buchanan,5.88,-10.05,297.74,87,98,3.92,LR,1598060700
124,Yangambi,0.81,24.43,294.52,97,85,0.86,CD,1598060701
125,Hobart,-42.88,147.33,282.59,66,40,1.0,AU,1598060622
126,Puerto Ayora,-0.74,-90.35,292.59,87,62,1.34,EC,1598060409
127,Vasil'yevo,55.84,48.66,286.15,82,75,3.0,RU,1598060702
128,Borogontsy,62.67,131.17,289.37,37,0,1.4,RU,1598060703
129,Rāzole,16.48,81.83,300.4,85,100,3.67,IN,1598060703
130,Gurlan,41.84,60.39,291.15,52,0,2.1,UZ,1598060704
131,Albany,42.6,-73.97,297.04,89,95,1.7,US,1598060467
132,Bonthe,7.53,-12.51,297.87,87,98,3.68,SL,1598060705
133,Manacapuru,-3.3,-60.62,301.15,78,5,4.6,BR,1598060706
134,Port Alfred,-33.59,26.89,287.73,62,37,3.58,ZA,1598060707
135,Bereda,43.27,-7.54,286.48,100,8,2.24,ES,1598060707
136,Sol'-Iletsk,51.16,54.99,283.86,93,0,2.95,RU,1598060708
137,Cherskiy,68.75,161.3,277.38,90,100,6.51,RU,1598060430
138,Kupang,-10.17,123.58,304.15,33,20,3.1,ID,1598060709
139,Baharly,38.44,57.43,300.02,23,0,4.53,TM,1598060709
140,Leningradskiy,69.38,178.42,281.26,74,100,1.01,RU,1598060710
141,Vardø,70.37,31.11,285.89,85,73,6.85,NO,1598060449
142,Atuona,-9.8,-139.03,299.29,74,13,4.58,PF,1598060711
143,Tiwi,13.47,123.62,302.45,67,78,1.46,PH,1598060713
144,Seydişehir,37.42,31.85,286.72,70,0,3.24,TR,1598060714
145,Yar-Sale,66.83,70.83,285.31,92,96,3.95,RU,1598060714
146,Tawang Town,27.58,91.87,290.48,62,21,1.45,IN,1598060715
147,Amahai,-3.33,128.92,299.96,82,94,3.39,ID,1598060716
148,Aswān,24.09,32.91,301.71,25,0,3.8,EG,1598060717
149,Kodinsk,58.69,99.18,294.79,48,30,1.1,RU,1598060717
150,Wau,7.7,28.0,295.22,95,88,0.42,SS,1598060718
151,Broome,42.25,-75.83,296.15,53,1,2.6,US,1598060456
152,Sinnamary,5.38,-52.95,299.1,82,0,3.71,GF,1598060720
153,Bluff,-46.6,168.33,285.93,76,0,2.68,NZ,1598060721
154,Maniitsoq,65.42,-52.9,281.4,80,35,1.33,GL,1598060722
155,Tazovsky,67.47,78.7,284.07,84,22,3.99,RU,1598060722
156,Priiskovyy,51.93,116.63,294.89,73,63,1.52,RU,1598060723
157,Chara,56.91,118.26,291.09,46,18,0.98,RU,1598060723
158,Iranshahr,27.2,60.68,303.98,48,77,1.88,IR,1598060724
159,Caravelas,-17.71,-39.25,295.64,86,83,5.05,BR,1598060725
160,Svetlaya,46.54,138.33,296.13,49,0,2.95,RU,1598060725
161,Clyde River,70.47,-68.59,279.99,88,96,1.94,CA,1598060726
162,Chui,-33.7,-53.46,279.7,77,0,2.85,UY,1598060726
163,Baruun-Urt,46.68,113.28,294.2,35,100,0.54,MN,1598060727
164,Jijiga,9.35,42.8,291.2,71,99,8.38,ET,1598060728
165,Oussouye,12.48,-16.55,298.15,100,100,1.0,SN,1598060728
166,Faanui,-16.48,-151.75,298.45,80,11,10.14,PF,1598060729
167,Margate,51.38,1.39,291.48,63,0,2.68,GB,1598060729
168,Najrān,17.49,44.13,298.15,23,87,2.1,SA,1598060670
169,Winsford,53.18,-2.52,288.71,84,36,1.34,GB,1598060730
170,Nikolskoye,59.7,30.79,288.15,67,96,2.0,RU,1598060731
171,Vostok,46.49,135.88,293.69,50,2,2.01,RU,1598060732
172,San Quintín,30.48,-115.95,301.26,58,98,1.73,MX,1598060732
173,Ishigaki,24.34,124.16,301.15,94,75,8.7,JP,1598060733
174,Divo,5.84,-5.36,295.02,91,85,1.94,CI,1598060733
175,Iquitos,-3.75,-73.25,293.9,96,26,2.16,PE,1598060734
176,Zhigalovo,54.81,105.16,294.41,48,86,0.45,RU,1598060734
177,Nampula,-15.12,39.27,292.15,88,75,3.6,MZ,1598060735
178,Bealanana,-14.55,48.73,284.29,92,33,1.54,MG,1598060735
179,Cidreira,-30.18,-50.21,281.36,66,0,2.7,BR,1598060736
180,Codrington,-38.27,141.97,284.2,71,79,11.45,AU,1598060736
181,Laas,46.62,10.7,289.15,100,5,0.5,IT,1598060738
182,Magaria,13.0,8.91,295.36,86,40,2.55,NE,1598060740
183,Tigil',57.8,158.67,285.19,81,99,5.15,RU,1598060740
184,Grindavik,63.84,-22.43,282.15,81,0,5.7,IS,1598060741
185,Jaisalmer,26.91,70.92,305.22,58,95,1.68,IN,1598060456
186,San Luis,-33.3,-66.34,279.82,49,0,2.39,AR,1598060742
187,Derzhavīnsk,51.1,66.32,288.3,74,95,3.83,KZ,1598060743
188,Ribeira Grande,38.52,-28.7,293.82,65,0,0.75,PT,1598060743
189,Mahébourg,-20.41,57.7,293.15,82,75,3.71,MU,1598060744
190,Mayo,38.89,-76.51,298.71,88,1,2.6,US,1598060457
191,Hilo,19.73,-155.09,302.15,62,1,4.6,US,1598060745
192,Lima,-12.04,-77.03,289.15,82,90,1.0,PE,1598060529
193,Yarkovo,57.4,67.08,284.62,95,35,2.53,RU,1598060747
194,Butaritari,3.07,172.79,301.06,65,100,1.16,KI,1598060748
195,Isangel,-19.55,169.27,301.15,78,40,4.1,VU,1598060749
196,Sitka,57.05,-135.33,287.15,87,90,1.27,US,1598060749
197,Belaya Gora,68.53,146.42,277.79,82,100,2.81,RU,1598060750
198,Arraial do Cabo,-22.97,-42.03,292.15,88,90,6.2,BR,1598060750
199,Ayr,55.46,-4.63,288.15,82,40,6.2,GB,1598060751
200,Jalu,29.03,21.55,297.9,47,0,3.49,LY,1598060751
201,Balkhash,46.84,74.98,289.15,29,78,4.0,KZ,1598060752
202,Airai,-8.93,125.41,297.9,32,0,2.82,TL,1598060753
203,Harper,4.38,-7.72,297.16,88,100,4.49,LR,1598060753
204,Vilhena,-12.74,-60.15,284.57,75,0,2.68,BR,1598060754
205,Bilibino,68.05,166.44,278.94,83,100,3.59,RU,1598060754
206,Noumea,-22.28,166.46,299.15,61,4,3.6,NC,1598060755
207,Okhotsk,59.38,143.3,288.97,48,64,1.63,RU,1598060755
208,Narón,43.52,-8.15,290.93,93,1,3.1,ES,1598060756
209,Hay River,60.82,-115.8,289.15,72,75,4.1,CA,1598060757
210,Tasiilaq,65.61,-37.64,281.15,68,0,3.6,GL,1598060758
211,West Fargo,46.88,-96.9,300.37,78,1,2.1,US,1598060758
212,Bilma,18.69,12.92,305.05,42,33,3.75,NE,1598060759
213,Pisco,-13.7,-76.22,289.15,82,75,4.1,PE,1598060760
214,Sidrolândia,-20.93,-54.96,282.15,70,75,2.6,BR,1598060760
215,Linxia Chengguanzhen,35.6,103.21,293.91,61,100,1.24,CN,1598060761
216,East London,-33.02,27.91,287.03,63,6,3.5,ZA,1598060761
217,Phan Thiet,10.93,108.1,302.36,74,23,3.41,VN,1598060762
218,Windsor,42.3,-83.02,299.82,60,1,1.5,CA,1598060753
219,Esim,4.87,-2.24,296.86,89,33,3.55,GH,1598060763
220,Ashti,19.38,76.23,297.43,86,100,4.91,IN,1598060764
221,Nuevitas,21.55,-77.26,300.15,88,33,3.1,CU,1598060765
222,Grand Gaube,-20.01,57.66,293.15,79,0,1.34,MU,1598060765
223,Hong Kong,22.29,114.16,305.37,70,1,1.0,HK,1598060764
224,Seoul,37.57,126.98,300.15,78,75,1.87,KR,1598060032
225,Astoria,46.19,-123.83,290.15,93,90,3.6,US,1598060767
226,Tevaitoa,-16.78,-151.5,298.71,78,5,10.27,PF,1598060768
227,Miyako,39.64,141.95,294.45,88,98,3.06,JP,1598060769
228,Vanavara,60.34,102.28,291.73,58,100,1.72,RU,1598060769
229,Belyy Yar,53.6,91.39,289.15,82,100,1.0,RU,1598060770
230,Colac,-38.33,143.58,280.37,99,63,2.68,AU,1598060770
231,Lebu,-37.62,-73.65,282.18,89,1,4.42,CL,1598060771
232,Tiarei,-17.53,-149.33,299.15,78,75,2.1,PF,1598060772
233,Shimoda,34.67,138.95,303.15,79,40,3.1,JP,1598060772
234,San Patricio,19.22,-104.7,303.15,79,75,5.1,MX,1598060773
235,Nísia Floresta,-6.09,-35.21,298.15,83,75,4.6,BR,1598060773
236,Torbay,47.67,-52.73,290.37,77,75,7.7,CA,1598060775
237,Araouane,18.9,-3.53,309.82,14,92,2.79,ML,1598060775
238,Shitkino,56.37,98.35,289.84,74,100,0.83,RU,1598060776
239,Dakar,14.69,-17.44,300.15,83,40,3.1,SN,1598060588
240,Meulaboh,4.14,96.13,300.16,82,100,1.05,ID,1598060777
241,Pangkalanbuun,-2.68,111.62,302.93,70,72,2.12,ID,1598060779
242,Yangi Marg`ilon,40.43,71.72,293.15,52,0,2.1,UZ,1598060779
243,Ossora,59.24,163.07,284.92,85,100,0.53,RU,1598060782
244,Alyangula,-13.85,136.42,304.15,33,0,3.6,AU,1598060784
245,Shar,49.59,81.05,292.61,35,18,2.01,KZ,1598060786
246,Srandakan,-7.94,110.25,301.71,65,31,3.28,ID,1598060787
247,Upernavik,72.79,-56.15,278.94,80,1,4.61,GL,1598060310
248,Otaru,43.19,141.0,294.15,73,75,1.0,JP,1598060789
249,Lavrentiya,65.58,-171.0,282.54,88,100,3.81,RU,1598060789
250,Ilulissat,69.22,-51.1,279.15,60,0,1.0,GL,1598060790
251,Fortuna,40.6,-124.16,295.93,73,90,6.7,US,1598060790
252,Hirara,24.8,125.28,299.15,94,75,5.1,JP,1598060791
253,Irecê,-11.3,-41.86,293.93,71,1,4.28,BR,1598060792
254,Puerto Cabezas,14.04,-83.39,299.68,85,94,2.87,NI,1598060793
255,Coruripe,-10.13,-36.18,296.07,88,90,3.73,BR,1598060513
256,Alice Springs,-23.7,133.88,291.15,27,0,5.7,AU,1598060794
257,Iqaluit,63.75,-68.51,283.71,70,75,1.0,CA,1598060795
258,Boyolangu,-8.12,111.89,300.87,65,66,2.29,ID,1598060796
259,Cortes,41.94,-1.44,295.15,72,0,5.7,ES,1598060797
260,Foligno,42.94,12.7,295.93,64,0,2.1,IT,1598060797
261,Nova Venécia,-18.71,-40.4,292.73,75,37,3.31,BR,1598060798
262,Oliveira dos Brejinhos,-12.32,-42.9,296.19,55,27,3.53,BR,1598060798
263,Namtsy,62.72,129.67,289.15,41,0,2.0,RU,1598060799
264,Turukhansk,65.82,87.98,289.49,56,99,4.06,RU,1598060800
265,Alofi,-19.06,-169.92,300.15,78,74,5.1,NU,1598060800
266,Adrar,20.5,-10.07,306.82,32,0,4.04,MR,1598060801
267,Khatanga,71.97,102.5,284.85,51,0,6.62,RU,1598060801
268,Casimiro de Abreu,-22.48,-42.2,292.15,100,90,1.0,BR,1598060802
269,Penzance,50.12,-5.54,288.15,93,75,9.3,GB,1598060802
270,Klaksvík,62.23,-6.59,283.15,100,94,11.8,FO,1598060803
271,Touros,-5.2,-35.46,297.15,88,75,3.1,BR,1598060804
272,Ust-Maya,60.42,134.53,290.75,32,0,1.88,RU,1598060804
273,Ogembo,-0.8,34.73,288.96,75,79,3.09,KE,1598060805
274,Dorokhovo,55.55,36.37,285.15,81,0,1.0,RU,1598060805
275,Mokhsogollokh,61.47,128.92,289.97,37,0,2.81,RU,1598060806
276,Marigot,18.07,-63.08,301.15,88,40,6.2,MF,1598060702
277,Lüshunkou,38.8,121.27,297.15,73,75,2.0,CN,1598060808
278,Havre-St-Pierre,50.23,-63.6,284.15,93,1,2.6,CA,1598060808
279,Hualmay,-11.1,-77.61,288.59,81,64,2.49,PE,1598060809
280,Japura,-0.32,102.35,301.73,67,47,2.23,ID,1598060810
281,Moose Factory,51.26,-80.61,288.15,82,90,4.1,CA,1598060810
282,Ostrovnoy,68.05,39.51,287.17,84,0,4.71,RU,1598060811
283,Upata,8.01,-62.4,294.98,95,100,0.3,VE,1598060811
284,Jumla,29.27,82.18,292.34,63,68,0.58,NP,1598060812
285,Itarema,-2.92,-39.92,298.16,89,22,5.04,BR,1598060812
286,Însurăţei,44.92,27.6,294.13,70,0,3.02,RO,1598060813
287,Muncar,-8.43,114.33,300.26,73,75,2.94,ID,1598060813
288,Mar del Plata,-38.0,-57.56,283.71,93,0,1.0,AR,1598060814
289,Øksfjord,70.24,22.35,290.15,77,99,7.2,NO,1598060814
290,Verkh-Chebula,56.03,87.62,288.13,86,83,4.74,RU,1598060815
291,Soyo,-6.13,12.37,295.27,89,8,2.8,AO,1598060731
292,Oranjemund,-28.55,16.43,291.45,25,0,6.51,NA,1598060816
293,Oistins,13.07,-59.53,302.15,83,75,7.7,BB,1598060816
294,Portsmouth,50.8,-1.09,290.93,85,1,1.34,GB,1598060556
295,Governador Dix-Sept Rosado,-5.46,-37.52,298.13,71,1,3.94,BR,1598060818
296,Puerto Peñasco,31.32,-113.53,304.82,74,0,4.02,MX,1598060818
297,Bichura,50.59,107.6,293.29,68,100,0.48,RU,1598060819
298,Port Elizabeth,-33.92,25.57,284.15,81,14,2.6,ZA,1598060819
299,Macas,-2.32,-78.12,292.38,72,100,1.03,EC,1598060820
300,Rocha,-34.48,-54.33,278.59,64,0,2.65,UY,1598060820
301,Tabou,4.42,-7.35,297.24,87,100,4.17,CI,1598060821
302,Tongzi,28.78,105.09,299.13,85,92,1.64,CN,1598060821
303,Kavaratti,10.57,72.64,300.89,77,76,3.99,IN,1598060822
304,Kaitangata,-46.28,169.85,286.79,63,7,0.3,NZ,1598060823
305,Katima Mulilo,-17.5,24.27,287.15,67,0,1.0,NA,1598060823
306,Sørland,67.67,12.69,288.56,79,100,6.39,NO,1598060824
307,Itoman,26.12,127.67,304.15,70,75,3.6,JP,1598060825
308,Chāpar,26.27,90.47,300.88,78,33,1.71,IN,1598060826
309,Bandarbeyla,9.49,50.81,297.93,70,95,12.42,SO,1598060826
310,Mehamn,71.04,27.85,286.01,87,23,4.94,NO,1598060827
311,Paphos,34.77,32.42,295.15,73,0,4.1,CY,1598060828
312,Bengkulu,-3.8,102.27,301.52,67,4,1.01,ID,1598060828
313,Banjar,-8.19,114.97,300.15,100,40,6.2,ID,1598060829
314,Howard Springs,-12.5,131.05,304.26,51,20,2.6,AU,1598060829
315,Lompoc,34.64,-120.46,293.71,82,90,5.7,US,1598060831
316,Souillac,-20.52,57.52,293.15,82,75,2.88,MU,1598060832
317,Dovers,12.88,-61.18,302.13,77,43,8.32,VC,1598060833
318,Pampierstad,-27.78,24.69,274.66,75,0,1.78,ZA,1598060833
319,Petropavlovsk-Kamchatskiy,53.05,158.65,288.15,72,40,1.0,RU,1598060834
320,Wangkui,46.83,126.5,293.77,60,44,3.27,CN,1598060834
321,Mosquera,4.71,-74.23,287.15,76,40,3.1,CO,1598060835
322,Bogalusa,30.79,-89.85,298.15,83,1,2.6,US,1598060835
323,Yaransk,57.3,47.89,285.35,82,99,2.26,RU,1598060837
324,Dunedin,-45.87,170.5,283.15,86,7,4.02,NZ,1598060707
325,Balezino,57.98,53.01,282.02,97,22,2.96,RU,1598060838
326,Koutiala,12.39,-5.46,296.25,91,100,3.31,ML,1598060840
327,Tuni,17.35,82.55,300.32,84,90,4.22,IN,1598060842
328,Sorong,-0.88,131.25,301.87,70,89,2.73,ID,1598060842
329,Saint-Louis,16.33,-15.0,301.61,69,0,5.36,SN,1598060843
330,Tiznit Province,29.58,-9.5,298.95,26,0,0.45,MA,1598060843
331,Guerrero Negro,27.98,-114.06,303.08,51,0,8.89,MX,1598060844
332,San Vicente,-26.62,-54.13,275.48,91,0,1.76,AR,1598060845
333,Beloha,-25.17,45.05,288.19,78,28,3.42,MG,1598060845
334,Longyearbyen,78.22,15.64,278.02,82,77,1.44,SJ,1598060846
335,Kotma,23.2,81.97,296.31,93,100,4.4,IN,1598060846
336,Abhā,18.22,42.51,296.15,28,20,1.32,SA,1598060847
337,Novoagansk,61.94,76.66,283.74,97,100,2.34,RU,1598060848
338,Fairlie,55.76,-4.86,287.15,87,77,5.7,GB,1598060849
339,Olinda,-8.01,-34.86,299.15,74,40,6.7,BR,1598060851
340,‘Ewa Beach,21.32,-158.01,305.15,49,75,4.1,US,1598060851
341,Katsuura,35.13,140.3,305.37,79,20,5.1,JP,1598060858
342,Zhalantun,48.0,122.72,295.02,61,95,2.42,CN,1598060859
343,Sobolevo,54.43,31.9,283.37,93,0,1.92,RU,1598060860
344,Kemijärvi,66.71,27.43,286.27,90,26,3.29,FI,1598060860
345,Port-Cartier,50.03,-66.87,286.48,66,20,2.6,CA,1598060862
346,Pitimbu,-7.47,-34.81,296.15,88,40,2.1,BR,1598060863
347,Morón,-34.65,-58.62,285.37,31,0,2.38,AR,1598060633
348,Dikson,73.51,80.55,279.29,79,0,6.32,RU,1598060864
349,Camacha,33.08,-16.33,296.15,83,40,4.1,PT,1598060864
350,Tikrit,34.61,43.68,299.64,34,0,3.7,IQ,1598060865
351,Kruisfontein,-34.0,24.73,284.25,55,0,2.58,ZA,1598060865
352,Colares,38.8,-9.45,293.15,91,0,5.1,PT,1598060866
353,Mossamedes,-15.2,12.15,291.6,60,52,2.59,AO,1598060866
354,Montepuez,-13.13,39.0,291.21,86,23,3.54,MZ,1598060867
355,Luwuk,-0.95,122.79,299.99,76,100,2.28,ID,1598060869
356,Huittinen,61.18,22.7,290.93,72,99,1.79,FI,1598060869
357,Manakara,-22.13,48.02,290.8,92,0,1.48,MG,1598060870
358,Shache,38.42,77.24,298.19,37,0,3.27,CN,1598060870
359,Rundu,-17.93,19.77,285.87,40,23,3.62,NA,1598060871
360,Corn Island,12.17,-83.04,301.79,77,99,4.19,NI,1598060872
361,Shorāpur,16.52,76.75,296.2,92,100,3.01,IN,1598060872
362,Redmond,47.67,-122.12,293.71,92,96,3.05,US,1598060650
363,Barra Patuca,15.8,-84.28,298.51,91,100,2.77,HN,1598060873
364,Acapulco de Juárez,16.86,-99.89,302.15,74,75,3.1,MX,1598060874
365,São Filipe,14.9,-24.5,298.38,77,27,1.88,CV,1598060874
366,Faya,18.39,42.45,296.15,28,20,1.5,SA,1598060875
367,Shahrud,36.42,54.98,293.72,28,0,2.53,IR,1598060876
368,Esna,25.29,32.55,300.15,36,0,4.8,EG,1598060876
369,Luoyang,34.68,112.45,294.82,1,100,2.23,CN,1598060878
370,Santa Isabel Rio Negro,-0.41,-65.02,299.42,57,25,1.27,BR,1598060878
371,Haines Junction,60.75,-137.51,288.95,77,100,1.5,CA,1598060879
372,Padang,-0.95,100.35,302.23,66,27,0.7,ID,1598060879
373,Naze,28.37,129.48,304.15,70,20,1.5,JP,1598060880
374,Snezhnogorsk,69.19,33.25,284.15,93,24,3.0,RU,1598060880
375,Rio Verde de Mato Grosso,-18.92,-54.84,285.3,68,100,2.75,BR,1598060881
376,Hokitika,-42.72,170.97,286.2,79,1,2.63,NZ,1598060881
377,Udachny,66.42,112.4,285.15,50,54,2.0,RU,1598060882
378,Manta,-0.95,-80.73,294.15,88,90,1.5,EC,1598060882
379,Marinette,45.1,-87.63,297.15,73,1,1.5,US,1598060829
380,Sonoita,31.85,-112.83,308.71,42,1,6.11,MX,1598060884
381,Mineiros,-17.57,-52.55,284.74,79,83,5.32,BR,1598060811
382,Labuan,5.28,115.24,303.15,79,20,1.0,MY,1598060886
383,Tilichiki,60.47,166.1,285.45,76,100,0.91,RU,1598060886
384,Digha,21.68,87.55,298.73,93,100,2.03,IN,1598060887
385,Abeokuta,7.15,3.35,298.15,88,75,2.6,NG,1598060887
386,Ouésso,1.61,16.05,295.37,91,89,0.95,CG,1598060888
387,Severodvinsk,64.56,39.83,282.15,100,20,2.02,RU,1598060888
388,Bongor,10.28,15.37,295.98,93,100,1.95,TD,1598060889
389,Kisangani,0.52,25.2,295.12,96,100,0.96,CD,1598060890
390,Te Anau,-45.42,167.72,284.97,65,14,0.86,NZ,1598060890
391,Alugan,12.22,125.48,302.9,73,100,4.94,PH,1598060891
392,Krishnanagar,23.4,88.5,301.34,84,100,1.66,IN,1598060892
393,Provideniya,64.38,-173.3,282.75,89,100,5.14,RU,1598060892
394,Kamenka,51.32,42.77,282.59,76,82,0.89,RU,1598060893
395,Beian,63.66,9.57,289.15,87,100,3.1,NO,1598060893
396,Westport,41.14,-73.36,297.15,83,1,4.1,US,1598060894
397,Makakilo City,21.35,-158.09,305.15,49,75,4.1,US,1598060894
398,Thabazimbi,-24.59,27.41,284.82,80,36,0.38,ZA,1598060895
399,Cururupu,-1.83,-44.87,296.53,93,2,1.54,BR,1598060870
400,Kirs,59.34,52.24,281.77,97,97,2.26,RU,1598060896
401,Lenine,45.3,35.78,294.82,77,34,3.39,UA,1598060898
402,Hatillo,18.49,-66.83,300.93,88,42,2.24,PR,1598060898
403,Saiha,22.48,92.97,297.29,87,72,0.34,IN,1598060899
404,Garden City,42.33,-83.33,299.82,61,40,2.1,US,1598060901
405,Yulara,-25.24,130.99,291.15,32,0,4.6,AU,1598060902
406,Arroyo de la Encomienda,41.61,-4.8,289.82,87,0,2.6,ES,1598060902
407,Kutum,14.2,24.67,296.74,64,47,2.74,SD,1598060903
408,Rochegda,62.8,43.25,283.66,84,100,1.1,RU,1598060904
409,Shipitsyno,61.28,46.52,281.38,91,0,1.84,RU,1598060904
410,Tocopilla,-22.09,-70.2,288.06,57,0,1.04,CL,1598060905
411,Nishihara,26.18,127.76,304.15,74,75,3.6,JP,1598060905
412,Port Hardy,50.7,-127.42,288.15,87,75,4.1,CA,1598060753
413,Tabas,33.6,56.92,303.15,16,0,2.1,IR,1598060906
414,Raudeberg,61.99,5.14,289.26,91,99,7.52,NO,1598060907
415,Lata,40.16,-8.33,292.04,92,2,0.45,PT,1598060907
416,Port Shepstone,-30.74,30.45,286.02,76,0,3.55,ZA,1598060908
417,Ahipara,-35.17,173.17,289.47,73,83,4.33,NZ,1598060909
418,Morondava,-20.28,44.28,293.28,74,0,3.26,MG,1598060910
419,Bara,10.37,10.73,293.84,93,72,0.19,NG,1598060911
420,Tautira,-17.73,-149.15,299.15,78,75,2.1,PF,1598060911
421,Atar,20.52,-13.05,306.91,39,87,3.59,MR,1598060912
422,Mildura,-34.2,142.15,284.82,66,40,8.2,AU,1598060912
423,Torit,4.41,32.57,293.62,87,0,1.28,SS,1598060913
424,Manturovo,58.34,44.76,281.46,95,0,2.0,RU,1598060914
425,Genhe,50.78,121.52,291.69,61,100,1.94,CN,1598060914
426,Sur,22.57,59.53,300.22,75,66,4.24,OM,1598060915
427,Severnoye,56.35,78.36,284.62,94,38,3.46,RU,1598060915
428,Amazar,53.86,120.88,294.95,61,99,1.49,RU,1598060916
429,Djambala,-2.54,14.75,294.48,80,30,1.1,CG,1598060916
430,Berlevåg,70.86,29.09,286.25,86,37,5.37,NO,1598060917
431,Smithers,54.78,-127.17,288.15,87,90,1.0,CA,1598060918
432,Lufilufi,-13.87,-171.6,305.15,66,20,7.2,WS,1598060918
433,Lüderitz,-26.65,15.16,294.76,20,0,9.45,NA,1598060919
434,Konakovo,56.7,36.77,284.47,87,0,1.81,RU,1598060919
435,Safi,32.3,-9.24,294.67,76,0,6.59,MA,1598060920
436,Half Moon Bay,37.46,-122.43,300.15,82,40,4.57,US,1598060920
437,Puqi,29.72,113.88,300.75,84,94,1.79,CN,1598060653
438,Mindyak,54.02,58.79,284.15,93,75,3.0,RU,1598060922
439,At-Bashi,41.17,75.81,288.27,34,0,0.39,KG,1598060922
440,Tomatlán,19.93,-105.25,298.6,89,100,1.02,MX,1598060923
441,Turan,16.07,108.22,303.15,74,20,0.5,VN,1598060824
442,Ballina,-28.87,153.57,293.15,39,40,8.2,AU,1598060924
443,Baillif,16.02,-61.75,300.15,83,100,5.1,GP,1598060925
444,Lieksa,63.32,30.02,288.02,85,0,4.26,FI,1598060925
445,Bambanglipuro,-7.95,110.28,301.67,65,29,3.3,ID,1598060926
446,Jinchang,38.5,102.17,295.16,47,100,1.01,CN,1598060926
447,Romilly-sur-Seine,48.51,3.73,293.15,64,100,4.1,FR,1598060927
448,Wellington,-41.29,174.78,289.15,72,3,6.2,NZ,1598060868
449,Sol'vychegodsk,61.33,46.92,281.43,94,0,1.6,RU,1598060929
450,Risør,58.72,9.23,292.04,91,98,3.13,NO,1598060929
451,Mount Isa,-20.73,139.5,297.15,19,0,4.6,AU,1598060930
452,Awjilah,29.11,21.29,297.25,58,0,3.15,LY,1598060930
453,Nantucket,41.28,-70.1,294.15,88,1,3.6,US,1598060931
454,Yerbogachën,61.28,108.01,290.33,74,94,2.43,RU,1598060931
455,Brae,60.4,-1.35,286.15,100,9,2.6,GB,1598060932
456,Saint-Leu,-21.15,55.28,290.15,59,0,4.1,RE,1598060932
457,San Cristobal,7.77,-72.22,293.11,93,100,1.4,VE,1598060933
458,Onega,63.91,38.14,287.24,86,0,1.55,RU,1598060933
459,Sittwe,20.15,92.9,300.68,82,100,0.41,MM,1598060934
460,Macapá,0.04,-51.07,302.15,79,0,4.6,BR,1598060935
461,Mabaruma,8.2,-59.78,297.45,98,17,1.28,GY,1598060937
462,Antigonish,45.62,-62.0,291.48,87,100,0.89,CA,1598060700
463,Hailar,49.2,119.7,294.55,52,100,4.67,CN,1598060938
464,Montelíbano,7.98,-75.42,297.99,91,100,2.47,CO,1598060938
465,Laguna,38.42,-121.42,307.15,27,90,2.6,US,1598060939
466,Jūybār,36.64,52.91,298.15,88,90,1.0,IR,1598060940
467,Boa Vista,2.82,-60.67,302.15,70,27,2.1,BR,1598060940
468,College,64.86,-147.8,293.15,56,75,2.73,US,1598060941
469,Kiryat Gat,31.61,34.76,297.59,35,16,2.5,IL,1598060704
470,Henties Bay,-22.12,14.28,290.73,28,78,2.16,NA,1598060942
471,Ust-Nera,64.57,143.2,281.83,50,88,3.04,RU,1598060942
472,Carutapera,-1.2,-46.02,298.22,86,1,2.56,BR,1598060943
473,Kirakira,-10.45,161.92,302.84,73,83,5.19,SB,1598060943
474,Tobane,-21.95,27.9,287.02,79,100,7.41,BW,1598060944
475,Tres Arroyos,-38.37,-60.28,280.34,58,0,4.19,AR,1598060944
476,Eureka,40.8,-124.16,294.26,81,10,1.34,US,1598060831
477,Salinópolis,-0.61,-47.36,299.05,87,0,5.29,BR,1598060945
478,Husavik,66.04,-17.34,280.15,81,40,2.6,IS,1598060946
479,Huanren,41.26,125.37,298.73,63,35,1.48,CN,1598060947
480,Albanel,48.88,-72.45,286.15,87,20,2.6,CA,1598060948
481,Vieste,41.88,16.18,295.15,68,5,0.5,IT,1598060949
482,Qaqortoq,60.72,-46.03,280.93,70,0,2.02,GL,1598060950
483,Sokoni,-6.43,39.55,294.15,94,40,2.6,TZ,1598060951
484,San Jacinto,33.78,-116.96,305.37,37,70,1.79,US,1598060951
485,Fowa,8.92,6.4,294.3,97,39,1.08,NG,1598060952
486,Coração de Maria,-12.23,-38.75,291.75,97,2,1.59,BR,1598060952
487,Marrakesh,31.63,-8.01,301.15,37,20,0.5,MA,1598060953
488,Umm Hājar,13.3,19.7,299.37,80,100,0.86,TD,1598060953
489,Quatre Cocos,-20.21,57.76,293.15,82,75,4.42,MU,1598060954
490,Rock Springs,41.59,-109.2,302.15,9,1,8.2,US,1598060801
491,Ormara,25.21,64.64,301.94,80,51,2.46,PK,1598060955
492,Creel,27.75,-107.63,289.48,82,25,1.61,MX,1598060956
493,Wiarton,44.74,-81.13,294.15,88,90,0.92,CA,1598060956
494,Eilat,29.56,34.95,296.19,64,0,3.21,IL,1598060885
495,Kuruman,-27.45,23.43,276.48,34,0,5.52,ZA,1598060960
496,Abbeville,50.1,1.83,290.93,77,0,5.54,FR,1598060757
497,Šalčininkai,54.3,25.38,288.15,93,75,1.5,LT,1598060964
498,Isaccea,45.27,28.47,295.37,60,0,3.1,RO,1598060964
499,Tari,12.41,4.49,296.56,85,99,3.17,NG,1598060965
500,Xichang,27.9,102.26,296.31,68,14,0.91,CN,1598060965
501,Baykit,61.67,96.37,291.16,56,100,3.21,RU,1598060966
502,Abu Dhabi,24.47,54.37,306.15,75,100,1.0,AE,1598060966
503,Malbork,54.04,19.03,294.82,100,55,5.12,PL,1598060968
504,Batemans Bay,-35.72,150.18,286.48,67,21,2.68,AU,1598060968
505,Keroka,-0.78,34.95,284.16,96,36,2.02,KE,1598060970
506,Port Lincoln,-34.73,135.87,285.55,59,25,9.37,AU,1598060971
507,Fairbanks,64.84,-147.72,293.15,56,90,2.78,US,1598060731
508,Ushtobe,45.25,77.98,296.42,23,100,1.4,KZ,1598060972
509,Banda Aceh,5.56,95.32,301.06,74,99,0.93,ID,1598060973
510,Marion,39.77,-86.16,298.15,60,75,2.1,US,1598060709
511,Pyapon,16.28,95.68,299.82,85,96,3.63,MM,1598060974
512,General Roca,-39.03,-67.58,282.15,70,0,4.48,AR,1598060975
513,Innisfail,-17.53,146.03,300.37,22,92,3.23,AU,1598060975
514,San Andrés,12.58,-81.7,300.15,88,40,1.0,CO,1598060976
515,Fortuna Foothills,32.66,-114.41,311.15,35,1,5.1,US,1598060977
516,Aitape,-3.14,142.35,302.34,73,21,2.64,PG,1598060977
517,Nizwá,22.93,57.53,304.72,46,56,0.88,OM,1598060978
518,Oriximiná,-1.77,-55.87,300.68,39,0,1.91,BR,1598060978
519,Mpigi,0.23,32.31,294.15,88,20,0.74,UG,1598060979
520,Davlekanovo,54.22,55.03,286.15,93,90,3.0,RU,1598060980
521,Carauari,-4.88,-66.9,297.27,53,7,3.11,BR,1598060980
522,Wanning,18.8,110.4,303.3,70,21,1.87,CN,1598060981
523,Pacific Grove,36.62,-121.92,297.04,64,90,3.6,US,1598060982
524,Douglas,41.3,-96.17,301.15,65,1,2.6,US,1598060972
525,Viedma,-40.81,-63.0,285.37,52,0,1.79,AR,1598060902
526,Serrinha,-11.66,-39.01,291.62,98,0,2.66,BR,1598060983
527,General Salgado,-20.65,-50.36,285.45,86,100,4.08,BR,1598060984
528,Gold Coast,-28.0,153.43,294.26,34,100,3.6,AU,1598060931
529,Ialibu,-6.28,143.99,294.72,60,0,2.45,PG,1598060985
530,Ulladulla,-35.35,150.47,285.37,40,14,11.8,AU,1598060986
531,Dolores,-36.31,-57.68,279.33,63,0,2.81,AR,1598060986
532,Ambon City,-3.7,128.18,301.15,78,75,2.6,ID,1598060987
533,Port-Gentil,-0.72,8.78,296.87,81,100,4.31,GA,1598060988
534,Manggar,-2.88,108.27,301.27,78,48,6.31,ID,1598060989
535,Grass Valley,39.22,-121.06,304.15,28,1,2.1,US,1598060840
536,Lárdos,36.09,28.02,299.15,69,0,1.0,GR,1598060990
537,Azanka,58.04,64.79,284.36,97,33,3.19,RU,1598060990
538,Halifax,44.65,-63.57,292.04,72,62,2.81,CA,1598060950
539,La Fria,8.22,-72.24,297.75,86,100,2.43,VE,1598060992
540,Merauke,-8.47,140.33,300.98,62,3,4.04,ID,1598060697
541,Bereket,39.24,55.52,299.54,42,0,2.73,TM,1598060993
542,Payson,40.04,-111.73,305.37,31,1,3.1,US,1598060939
543,Nouadhibou,20.93,-17.03,299.15,69,91,5.1,MR,1598060994
544,Christchurch,-43.53,172.63,286.15,76,1,3.6,NZ,1598060719
545,Kumul,42.8,93.45,301.79,19,0,2.92,CN,1598060995
546,Alakurtti,66.97,30.35,284.91,91,4,1.7,RU,1598060995
547,Mkwanga,-7.12,39.21,294.15,94,40,2.6,TZ,1598060996
548,Anloga,5.79,0.9,297.15,88,40,4.6,GH,1598060996
549,Saint George,37.1,-113.58,313.15,12,1,6.2,US,1598060997
550,Hofn,64.25,-15.21,282.55,63,0,6.81,IS,1598060997
551,Ascension,30.22,-90.9,299.26,83,1,0.91,US,1598060998
552,Barkly West,-28.54,24.52,275.15,47,0,2.1,ZA,1598060999
